姓名,学号,邮箱,志愿1,志愿2,推荐人
刘强怡,1120250264,1120250264@smbu.edu.cn,宣传组,算法组,
叶文娜,1120260162,1120260162@smbu.edu.cn,电控组,算法组,
丁然,1120250040,1120250040@smbu.edu.cn,硬件组,,刘小
马雪,1120260182,1120260182@smbu.edu.cn,算法组,机械组,
韩洋,1120260044,1120260044@smbu.edu.cn,宣传组,,
陈静,1120260015,1120260015@smbu.edu.cn,硬件组,机械组,
贾勇杰,1120260234,1120260234@smbu.edu.cn,视觉组,,
方洋,1120260080,1120260080@smbu.edu.cn,视觉组,运营组,
田丽丽,1120260257,112026025@smbu.edu.cn,视觉组,,
马玉泽,1120260071,1120260071@smbu.cn,宣传组,算法组,何芳
贾英子,1120250133,1120250133@smbu.edu.cn,宣传组,算法组,
赵林,1120260126,1120260126@smbu.edu.cn,机械组,硬件组,
杨轩,1120260058,1120260058@smbu.edu.cn,电控组,算法组,曾博宇
邓春鑫,1120260169,1120260169@smbu.edu.cn,宣传组,运营组,贾娜
刘敏,1120260005,1120260005@smbu.edu.cn,宣传组,,
邱宁,112025 0062,112025 0062@smbu.edu.cn,算法组,宣传组,
钟欣,1120260022,1120260022@smbu.edu.cn,机械组,运营组,
林睿康,112026 0263,112026 0263@smbu.edu.cn,运营组,,
彭轩小,1120250238,1120250238@smbu.edu.cn,电控组,硬件组,郭霞
高雨,1120260255,1120260255@smbu.edu.cn,运营组,硬件组,杜晨艳
金兰华,1120260013,1120260013@smbu.edu.cn,算法组,运营组,魏勇
王怡笑,1120260243,1120260243@smbu.edu.cn,算法组,,
张明,1120260079,1120260079@smbu.edu.cn,视觉组,,
刘静,1120260127,1120260127@smbu.edu.cn,视觉组,,
郑睿杰,1120260250,1120260250@smbu.edu.cn,视觉组,宣传组,
彭鑫杰,1120260061,1120260061@smbu.edu.cn,电控组,运营组,梁雪
杨芳,1120260137,1120260137@smbu.edu.cn,硬件组,宣传组,
梁艳勇,1120250153,1120250153@smbu.edu.cn,视觉组,,
卢子,1120260256,1120260256@smbu.edu.cn,机械组,电控组,蔡静小
魏洋杰,1120260020,1120260020@smbu.edu.cn,宣传组,,
姜菲,1120260014,1120260014@smbu.edu.cn,硬件组,,
苏华,1120260011,1120260011@smbu.edu.cn,机械组,,
钟涛,1120260183,1120260183@smbu.edu.cn,机械组,,
田文,1120260120,1120260120@smbu.edu.cn,算法组,,宋林华
金阳,1120260074,1120260074@smbu.edu.cn,运营组,,
邹勇英,1120260092,1120260092@smbu.edu.cn,算法组,视觉组,彭远小
周宇华,1120260175,1120260175@smbu.edu.cn,电控组,,吴敏
范洋娜,1120260047,1120260047@smbu.edu.cn,运营组,,罗超
赵静,1120260070,1120260070@smbu.edu.cn,硬件组,,王明
徐宇玉,112026 0199,112026 0199@smbu.edu.cn,电控组,,郭华
魏杰勇,1120260198,1120260198@smbu.edu.cn,电控组,硬件组,
韦娟洋,1120260125,1120260125@smbu.edu.cn,运营组,视觉组,
沈强,1120260012,1120260012@smbu.edu.cn,宣传组,硬件组,付涵菲
彭宇文,1120250201,1120250201@smbu.edu.cn,硬件组,机械组,姜涵
罗佳,1120260140,1120260140@smbu.edu.cn,宣传组,机械组,袁刚
胡艳,1120260165,1120260165@smbu.edu.cn,宣传组,硬件组,
姜宁宁,1120260221,1120260221@smbu.edu.cn,宣传组,运营组,
张文小,1120260018,1120260018@smbu.edu.cn,视觉组,算法组,周洋晨
付平,1120260176,1120260176@smbu.edu.cn,宣传组,电控组,
方雨小,1120260051,1120260051@smbu.edu.cn,运营组,机械组,
叶兰磊,1120250100,1120250100@smbu.edu.cn,运营组,机械组,丁磊刚
田洋鑫,1120260132,1120260132@smbu.edu.cn,算法组,,廖兰
任雪,1120260107,1120260107@smbu.edu.cn,算法组,,
余英,1120260056,1120260056@smbu.edu.cn,视觉组,机械组,
 程玉小 ,1120260194,1120260194@smbu.edu.cn,硬件组,,
罗明,1120260081,1120260081@smbu.edu.cn,机械组,,孟轩
沈远涛,1120250280,1120250280@smbu.edu.cn,电控组,算法组,谢春涛
杜睿春,1120260273,1120260273@smbu.edu.cn,运营组,,夏华涛
卢伟,1120250129,1120250129@smbu.edu.cn,运营组,视觉组,田军
石洋,1120260217,1120260217@smbu.edu.cn,宣传组,电控组,
范宇明,1120250230,1120250230@smbu.edu.cn,硬件组,,
王艳涛,1120260147,1120260147@smbu.edu.cn,宣传组,视觉组,
程涵艳,1120260090,1120260090@smbu.edu.cn,视觉组,电控组,苏泽杰
任华小,1120260226,1120260226@smbu.edu.cn,硬件组,,
杜艳,1120260279,1120260279@smbu.edu.cn,电控组,机械组,
杨芳,1120260187,1120260187@smbu.edu.cn,机械组,,
罗雨,1120260271,1120260271@smbu.edu.cn,电控组,硬件组,
曾涵玉,1120250027,1120250027@smbu.edu.cn,电控组,,韩敏军
余雪博,1120260150,1120260150@smbu.edu.cn,机械组,算法组,
梁刚轩,1120260220,1120260220@smbu.edu.cn,硬件组,电控组,
何磊,1120250031,1120250031@smbu.edu.cn,视觉组,,
贾娟泽,1120260177,1120260177@smbu.edu.cn,运营组,,
汪笑敏,1120260145,1120260145@smbu.edu.cn,机械组,运营组,
蒋刚,1120260084,1120260084@smbu.edu.com,电控组,宣传组,张艳子
魏欣娟,1120250240,1120250240@smbu.edu.cn,宣传组,,蔡晨敏
黄霞小,1120250216,1120250216@smbu.edu.cn,电控组,机械组,蔡雨
孙艳文,1120260025,1120260025@smbu.edu.cn,宣传组,算法组,
赵军敏,1120260010,1120260010@smbu.edu.cn,宣传组,机械组,白文鑫
白超,1120260066,1120260066@smbu.edu.cn,运营组,电控组,任阳宁
陆娟,1120260004,1120260004@smbu.edu.cn,宣传组,,
方林佳,1120260087,1120260087@smbu.edu.cn,宣传组,,
邱洋,1120260185,1120260185@163.com,电控组,,
彭泽,1120260141,1120260141@smbu.edu.cn,机械组,电控组,董丽笑
程怡,1120260260,1120260260@smbu.edu.cn,机械组,,
魏敏雪,1120260180,1120260180@smbu.edu.cn,运营组,视觉组,吕明
程敏,1120250104,1120250104@smbu.edu.cn,视觉组,运营组,林涵小
程睿,1120260139,1120260139@smbu.edu.cn,视觉组,运营组,范轩艳
钟勇芳,1120260151,1120260151@smbu.edu.cn,算法组,机械组,
蒋欣,1120260197,1120260197@smbu.edu.cn,视觉组,硬件组,
杨超菲,1120260213,1120260213@smbu.edu.cn,宣传组,视觉组,
范菲,1120260021,1120260021@smbu.edu.cn,运营组,,
孙晨欣,1120260232,1120260232@smbu.edu.cn,机械组,,廖艳佳
魏玉,1120260262,1120260262@smbu.edu.cn,硬件组,宣传组,孙泽
曹芳丽,1120260258,1120260258@smbu.edu.cn,运营组,算法组,高华
方远,1120260007,1120260007@smbu.edu.cn,运营组,,
邹琪,1120260195,1120260195@smbu.edu.cn,视觉组,硬件组,杨宁
谭鑫,1120260154,1120260154@smbu.edu.cn,宣传组,,
姜笑玉,1120260241,1120260241@smbu.edu.cn,硬件组,,姜娜小
叶怡伟,1120260102,1120260102@smbu.edu.cn,视觉组,宣传组,姚思宇
郭芳丽,1120250247x,1120250247x@smbu.edu.cn,算法组,,
贾兰,1120260246,1120260246@smbu.edu.cn,机械组,,张小
马宁,1120260244,1120260244@smbu.edu.cn,硬件组,电控组,
钟勇芳,1120260151,1120260151@smbu.edu.cn,算法组,硬件组,林军
唐军,1120260209,1120260209@smbu.edu.cn,宣传组,运营组,苏小
徐涵丽,1120260094,1120260094@smbu.edu.cn,宣传组,算法组,
姜宁,1120260134,1120260134@smbu.edu.cn,宣传组,,王杰
夏静,1120260118,1120260118@smbu.edu.cn,机械组,,丁菲涛
蒋鑫,1120260229,1120260229@smbu.edu.cn,视觉组,电控组,
林玉,1120260116,1120260116@smbu.edu.cn,机械组,,韦华
崔琪林,1120260189,1120260189@smbu.edu.cn,机械组,,周杰欣
李超,1120260192,1120260192@smbu.edu.cn,运营组,宣传组,
廖然,1120250111,1120250111@smbu.edu.cn,运营组,算法组,丁丽
陈英,1120250076,1120250076@smbu.edu.cn,机械组,硬件组,姜雪睿
苏静军,1120260037,1120260037@smbu.edu.cn,视觉组,算法组,
曹小勇,1120260171,1120260171@smbu.edu.cn,电控组,宣传组,冯文
熊然,1120260072,1120260072@smbu.edu.cn,电控组,算法组,蒋强林
叶宁刚,1120260242,1120260242@smbu.edu.cn,机械组,算法组,
李明泽,1120260210,1120260210@smbu.edu.cn,硬件组,,
冯军欣,1120260215,1120260215@smbu.edu.cn,硬件组,,
蒋霞,1120260110,1120260110@smbu.edu.cn,硬件组,,田娟
冯强,1120260181,1120260181@smbu.edu.cn,视觉组,,李兰
秦华涛,112026a042,112026a042@smbu.edu.cn,宣传组,,
秦文春,1120260075,1120260075@smbu.edu.cn,运营组,,陈文泽
彭林,1120260205,1120260205@smbu.edu.cn,视觉组,,
王英博,1120260065,1120260065@smbu.edu.cn,视觉组,,孙鑫
蔡勇伟,1120260069,1120260069@smbu.edu.cn,机械组,电控组,苏霞勇
廖伟轩,1120260269,1120260269@smbu.edu.cn,运营组,,
胡小宁,1120260214,1120260214@smbu.edu.com,宣传组,机械组,
 丁宇 ,1120260203,1120260203@smbu.edu.cn,硬件组,视觉组,郭敏
吴霞,1120260235,1120260235@smbu.edu.cn,视觉组,,
白娜,1120250055,1120250055@smbu.edu.cn,算法组,,罗宇霞
冯文,1120260173,1120260173@smbu.edu.cn,算法组,机械组,
胡小远,1120260196,1120260196@smbu.edu.cn,算法组,,
魏文,1120260114,1120260114@smbu.edu.cn,硬件组,,
方兰勇,1120260030,1120260030@smbu.edu.cn,运营组,,
付睿,1120250096,1120250096@smbu.edu.cn,机械组,电控组,程然
付怡,1120260124,1120260124@smbu.edu.cn,宣传组,硬件组,
石鑫军,1120260024,1120260024@smbu.edu.cn,宣传组,运营组,宋菲
付英芳,1120250026,1120250026@smbu.edu.cn,运营组,,
马佳,1120250101,1120250101@smbu.edu.cn,机械组,,孙芳睿
谢菲华,1120260266,1120260266@smbu.edu.cn,宣传组,机械组,
邹静,1120250236,1120250236@smbu.edu.cn,视觉组,,吴超
方娜小,1120260233,1120260233@smbu.edu.cn,运营组,,朱小
钟丽阳,1120250156,1120250156@smbu.edu.cn,视觉组,运营组,
吴琪佳,1120260227,1120260227@smbu.edu.cn,运营组,电控组,
蒋霞,1120260110,1120260110@smbu.edu.cn,硬件组,电控组,田娟
林雪,1120260225,1120260225@smbu.edu.cn,运营组,,
郭轩,1120260115,1120260115@smbu.edu.cn,电控组,,
 林涵 ,1120260252,1120260252@smbu.edu.cn,算法组,,
谭军强,1120260277,1120260277@smbu.edu.cn,电控组,,卢平鑫
梁宇阳,1120260146,1120260146@smbu.edu.cn,算法组,运营组,
李兰,1120260160,1120260160@smbu.edu.cn,宣传组,视觉组,
周平,1120250164,1120250164@smbu.edu.cn,机械组,,曹菲
叶阳,1120260239,1120260239@smbu.edu.cn,视觉组,,
蔡菲,1120260143,1120260143@smbu.edu.cn,电控组,硬件组,夏芳平
姜娜琪,1120260251,1120260251@smbu.edu.cn,视觉组,硬件组,
夏杰,1120260223,1120260223@smbu.edu.cn,运营组,,
宋远强,1120260218,1120260218@smbu.edu.cn,运营组,,
白艳玉,1120250274,1120250274@smbu.edu.cn,算法组,硬件组,
梁霞佳,1120260088,1120260088@smbu.edu.cn,宣传组,运营组,徐佳小
余远,1120260052,1120260052@smbu.edu.cn,宣传组,,
蔡宇雨,1120260184,1120260184@smbu.edu.cn,宣传组,视觉组,孟雪刚
杨小春,1120260078,1120260078@smbu.edu.cn,宣传组,运营组,任欣
林春然,1120260029,1120260029@smbu.edu.cn,硬件组,,
魏子明,1120260167,1120260167@smbu.edu.cn,宣传组,,
石雨然,1120260112,1120260112@smbu.edu.cn,电控组,机械组,
金然,1120260249,1120260249@smbu.edu.cn,算法组,,胡菲
汪丽,1120260050,1120260050@smbu.edu.cn,机械组,视觉组,陈雨怡
姚超霞,1120250003,1120250003@smbu.edu.cn,视觉组,,张欣艳
郑宇涵,1120260202,1120260202@smbu.edu.cn,宣传组,电控组,郑艳晨
叶强雨,1120250016,1120250016@smbu.edu.cn,运营组,,
郑思,1120260057,1120260057@smbu.edu.cn,硬件组,,
方雨小,1120260051,1120260051@smbu.edu.cn,运营组,电控组,罗强
梁艳琪,1120250109,1120250109@smbu.edu.cn,算法组,视觉组,钟琪欣
丁宁小,1120260049,1120260049@smbu.edu.cn,机械组,,
曹轩轩,1120260254,1120260254@smbu.edu.cn,宣传组,,秦娟
唐娟思,1120260245,1120260245@smbu.edu.cn,机械组,,
方林佳,1120260087,1120260087@smbu.edu.cn,宣传组,,
王华林,1120260128,1120260128@smbu.edu.cn,运营组,机械组,夏欣艳
徐强超,1120260085,1120260085@SMbU.edu.cn,运营组,宣传组,
姜娜宇,1120260159,1120260159@smbu.edu.cn,硬件组,算法组,李静
方娜,1120260105,1120260105@smbu.edu.cn,算法组,,何鑫泽
吴雨,1120260113,1120260113@smbu.edu.cn,视觉组,,
林琪娜,1120260121,1120260121@smbu.edu.cn,运营组,硬件组,田洋雨
胡泽,1120260038,1120260038@smbu.edu.cn,硬件组,视觉组,
冯英阳,1120260237,1120260237@smbu.edu.cn,算法组,,
邱玉睿,1120250089,1120250089@smbu.edu.cn,电控组,视觉组,马丽子
何静睿,1120260131,1120260131@smbu.edu.cn,硬件组,,
周怡,1120250091,1120250091@smbu.edu.cn,运营组,,
姜宇笑,1120260048,112026004@smbu.edu.cn,运营组,,
苏宇,1120260045,1120260045@smbu.edu.cn,硬件组,,
邱勇鑫,1120260063,1120260063@smbu.edu.cn,宣传组,,
谢文,1120250231,1120250231@SMbU.edu.cn,运营组,机械组,
吕宁,1120260152,1120260152@smbu.edu.cn,电控组,算法组,吴宇
邹睿,1120260212,1120260212@smbu.edu.cn,算法组,宣传组,
吴军,1120260041,1120260041@smbu.edu.cn,算法组,视觉组,
曹远霞,1120260174,1120260174@smbu.edu.cn,硬件组,宣传组,胡轩勇
汪超芳,1120260270,1120260270@smbu.edu.cn,机械组,宣传组,肖琪华
曾博琪,1120260142,1120260142@smbu.edu.cn,机械组,,
孟宁博,1120260117,1120260117@smbu.edu.cn,视觉组,电控组,
林玉,1120260116,1120260116@smbu.edu.cn,机械组,,韦华
彭玉,1120260259,1120260259@smbu.edu.cn,宣传组,,周晨敏
朱泽洋,1120260054,1120260054@smbu.edu.cn,视觉组,机械组,
范睿,1120260155,1120260155@smbu.edu.cn,视觉组,,廖轩
田军,1120260017,1120260017@smbu.edu.cn,机械组,运营组,丁涛康
蒋刚,1120260084,1120260084@smbu.edu.com,电控组,,
田涛强,1120250098,1120250098@smbu.edu.cn,电控组,硬件组,
卢洋雨,1120260211,1120260211@smbu.edu.cn,视觉组,运营组,
白小轩,1120250077,1120250077@smbu.edu.cn,宣传组,,
罗阳平,1120260035,1120260035@smbu.edu.cn,宣传组,运营组,彭霞
孙雨涛,1120260067,1120260067@smbu.edu.cn,算法组,视觉组,
韦鑫,1120260172,1120260172@smbu.edu.cn,运营组,,叶雨林
罗磊,1120260009,1120260009@smbu.edu.cn,硬件组,机械组,刘晨
刘春菲,1120260166,112026016@smbu.edu.cn,视觉组,,
周琪艳,1120260039,1120260039@smbu.edu.cn,电控组,,
曾涵,1120260186,1120260186@smbu.edu.cn,算法组,机械组,
 刘洋 ,1120260019,1120260019@smbu.edu.cn,机械组,,方小平
周涵文,112026a200,112026a200@smbu.edu.cn,电控组,宣传组,
方然林,1120250082,1120250082@smbu.edu.cn,算法组,,彭强丽
梁艳琪,1120250109,1120250109@smbu.edu.cn,算法组,,
石涵,1120260053,1120260053@smbu.edu.cn,电控组,视觉组,
肖敏强,1120260191,1120260191@smbu.edu.cn,算法组,运营组,梁怡
陈小玉,1120250122,1120250122@smbu.edu.cn,运营组,电控组,
郑杰,1120260207,1120260207@smbu.edu.cn,宣传组,,
郭阳,1120260206,1120260206@smbu.edu.cn,电控组,,
金宇娜,1120260097,1120260097@smbu.edu.cn,电控组,,
宋博,1120260168,1120260168@qq.com,宣传组,运营组,熊文
许泽,1120260224,1120260224@smbu.edu.cn,电控组,,邹静
苏英丽,1120260008,1120260008@smbu.edu.cn,宣传组,电控组,
黄霞小,1120250216,1120250216@smbu.edu.cn,电控组,运营组,蔡雨
廖军晨,1120260193,1120260193@smbu.edu.cn,算法组,硬件组,
张阳,1120260248,1120260248@smbu.edu.cn,硬件组,视觉组,梁玉丽
魏远涛,1120260148,1120260148@smbu.edu.cn,硬件组,电控组,梁兰
黄子,1120260179,1120260179@smbu.edu.cn,宣传组,,
许琪,1120250272,1120250272@smbu.edu.cn,视觉组,硬件组,
杨刚丽,1120260108,1120260108@smbu.edu.cn,算法组,硬件组,
夏华轩,1120250106,1120250106@smbu.edu.cn,算法组,宣传组,
吴思,1120260157,1120260157@smbu.edu.cn,视觉组,运营组,
魏睿,1120250023,1120250023@smbu.edu.cn,视觉组,硬件组,
孟泽玉,1120260158,1120260158@smbu.edu.cn,硬件组,,秦春博
邹春艳,1120260046,1120260046@smbu.edu.cn,算法组,,孙林强
梁敏丽,1120250275,1120250275@smbu.edu.cn,硬件组,宣传组,叶敏
任欣欣,1120260204,1120260204@smbu.edu.cn,宣传组,,吴小小
石阳,1120260068,1120260068@smbu.edu.cn,电控组,,
刘艳思,1120260149,1120260149@smbu.edu.cn,宣传组,,
孟菲思,1120260130,1120260130@smbu.edu.cn,硬件组,,
罗佳康,1120260060,1120260060@smbu.edu.cn,视觉组,机械组,
孙洋,1120250083,1120250083@smbu.edu.cn,电控组,算法组,方晨佳
田春小,11202-50138,11202-50138@smbu.edu.cn,运营组,,郑轩静
蒋远小,1120260267,1120260267@smbu.edu.cn,运营组,机械组,
范英然,1120260253,1120260253@smbu.edu.com,视觉组,算法组,
杨静,1120260034,1120260034@smbu.edu.cn,机械组,,秦菲
夏琪,1120260276,1120260276@smbu.edu.cn,算法组,运营组,方菲勇
王华林,1120260128,1120260128@smbu.edu.cn,运营组,,
苏芳雨,1120250278,1120250278@smbu.edu.cn,运营组,电控组,丁笑菲
金洋康,1120260032,1120260032@smbu.edu.cn,硬件组,算法组,
苏洋林,1120250136,1120250136@smbu.edu.cn,运营组,,冯丽
孟宇军,1120260228,1120260228@smbu.edu.cn,算法组,,
石远,1120260086,1120260086@smbu.edu.cn,视觉组,,吴洋远
梁玉佳,1120260123,1120260123@smbu.edu.cn,运营组,视觉组,马明
赵军敏,1120260010,1120260010@smbu.edu.cn,宣传组,电控组,
许丽,1120260119,1120260119@smbu.edu.cn,算法组,宣传组,
白阳,1120260001,1120260001@smbu.edu.cn,电控组,运营组,
董超杰,1120260002,1120260002@smbu.edu.cn,电控组,,谭玉
任轩,1120250093,1120250093@smbu.edu.cn,宣传组,电控组,
赵阳,1120260219,1120260219@smbu.edu.cn,电控组,算法组,田思超
廖然,1120250111,1120250111@smbu.edu.cn,运营组,宣传组,丁丽
宋丽丽,1120260188,1120260188@smbu.edu.cn,电控组,,
任雪,1120260107,1120260107@smbu.edu.cn,算法组,,
姜军,1120250265,1120250265@smbu.edu.cn,运营组,机械组,
王艳涛,1120260147,1120260147@smbu.edu.cn,宣传组,视觉组,程军刚
陆英林,1120260261,1120260261@smbu.edu.cn,电控组,,郭明
夏娟勇,1120260208,1120260208@smbu.edu.cn,机械组,,朱琪雨
白静,1120260170,1120260170@smbu.edu.cn,算法组,,
郑博,1120260095,1120260095@smbu.edu.cn,运营组,,
卢鑫伟,1120260222,1120260222@smbu.edu.cn,机械组,视觉组,董菲菲
程鑫怡,1120260006,1120260006@smbu.edu.cn,运营组,算法组,
马思,1120260073,1120260073@smbu.edu.cn,宣传组,机械组,苏然
蒋刚,1120260135,1120260135@smbu.edu.cn,视觉组,,韩伟雨
唐丽佳,1120260036,1120260036@smbu.edu.cn,电控组,,
袁娟鑫,1120260178,1120260178@smbu.edu.cn,电控组,,
邱华,1120260161,1120260161@smbu.edu.cn,机械组,视觉组,冯芳文
程超雪,1120260043,1120260043@smbu.edu.cn,硬件组,运营组,李康
唐子,1120260144,1120260144@smbu.edu.cn,机械组,,
郑佳小,1120260033,1120260033@smbu.edu.cn,运营组,宣传组,丁泽芳
肖春欣,1120260028,1120260028@smbu.edu.cn,视觉组,机械组,
 梁晨 ,1120260059,1120260059@smbu.edu.cn,视觉组,宣传组,崔琪远
卢宁,1120260099,1120260099@SMbU.edu.cn,电控组,硬件组,
唐伟思,1120260190,1120260190@smbu.edu.cn,视觉组,电控组,
方玉兰,1120260103,1120260103@smbu.edu.cn,电控组,,
高涛强,1120260268,1120260268@smbu.edu.cn,视觉组,宣传组,
夏伟,1120260163,1120260163@smbu.edu.cn,算法组,视觉组,程杰
方然,1120260064,1120260064@smbu.edu.cn,视觉组,电控组,
